,#,name,total,type_1,type_2,attack,hp,defense,generation,legendary
0,1,Bulbasaur,318,4,7,49,45,49,0,0
1,2,Ivysaur,405,4,7,62,60,63,0,0
2,3,Venusaur,525,4,7,82,80,83,0,0
3,3,Mega Venusaur,625,4,7,100,80,123,5,0
4,4,Charmander,309,1,,52,39,43,0,0
5,5,Charmeleon,405,1,,64,58,58,0,0
6,6,Charizard,534,1,9,84,78,78,0,0
7,6,Mega Charizard X,634,1,14,130,78,111,5,0
8,6,Mega Charizard Y,634,1,9,104,78,78,5,0
9,7,Squirtle,314,2,,48,44,65,0,0
10,8,Wartortle,405,2,,63,59,80,0,0
11,9,Blastoise,530,2,,83,79,100,0,0
12,9,Mega Blastoise,630,2,,103,79,120,5,0
13,10,Caterpie,195,11,,30,45,35,0,0
14,11,Metapod,205,11,,20,50,55,0,0
15,12,Butterfree,395,11,9,45,60,50,0,0
16,13,Weedle,195,11,7,35,40,30,0,0
17,14,Kakuna,205,11,7,25,45,50,0,0
18,15,Beedrill,395,11,7,90,65,40,0,0
19,15,Mega Beedrill,495,11,7,150,65,40,5,0
20,16,Pidgey,251,0,9,45,40,40,0,0
21,17,Pidgeotto,349,0,9,60,63,55,0,0
22,18,Pidgeot,479,0,9,80,83,75,0,0
23,18,Mega Pidgeot,579,0,9,80,83,80,5,0
24,19,Rattata,253,0,,56,30,35,0,0
25,20,Raticate,413,0,,81,55,60,0,0
26,21,Spearow,262,0,9,60,40,30,0,0
27,22,Fearow,442,0,9,90,65,65,0,0
28,23,Ekans,288,7,,60,35,44,0,0
29,24,Arbok,438,7,,85,60,69,0,0
30,25,Pikachu,320,3,,55,35,40,0,0
31,26,Raichu,485,3,,90,60,55,0,0
32,27,Sandshrew,300,8,,75,50,85,0,0
33,28,Sandslash,450,8,,100,75,110,0,0
34,29,Nidoran‚,275,7,,47,55,52,0,0
35,30,Nidorina,365,7,,62,70,67,0,0
36,31,Nidoqueen,505,7,8,92,90,87,0,0
38,33,Nidorino,365,7,,72,61,57,0,0
39,34,Nidoking,505,7,8,102,81,77,0,0
41,36,Clefable,483,17,,70,95,73,0,0
42,37,Vulpix,299,1,,41,38,40,0,0
43,38,Ninetales,505,1,,76,73,75,0,0
44,39,Jigglypuff,270,0,17,45,115,20,0,0
45,40,Wigglytuff,435,0,17,70,140,45,0,0
46,41,Zubat,245,7,9,45,40,35,0,0
47,42,Golbat,455,7,9,80,75,70,0,0
48,43,Oddish,320,4,7,50,45,55,0,0
49,44,Gloom,395,4,7,65,60,70,0,0
50,45,Vileplume,490,4,7,80,75,85,0,0
51,46,Paras,285,11,4,70,35,55,0,0
52,47,Parasect,405,11,4,95,60,80,0,0
53,48,Venonat,305,11,7,55,60,50,0,0
54,49,Venomoth,450,11,7,65,70,60,0,0
55,50,Diglett,265,8,,55,10,25,0,0
56,51,Dugtrio,405,8,,80,35,50,0,0
57,52,Meowth,290,0,,45,40,35,0,0
58,53,Persian,440,0,,70,65,60,0,0
59,54,Psyduck,320,2,,52,50,48,0,0
60,55,Golduck,500,2,,82,80,78,0,0
61,56,Mankey,305,6,,80,40,35,0,0
62,57,Primeape,455,6,,105,65,60,0,0
63,58,Growlithe,350,1,,70,55,45,0,0
64,59,Arcanine,555,1,,110,90,80,0,0
65,60,Poliwag,300,2,,50,40,40,0,0
66,61,Poliwhirl,385,2,,65,65,65,0,0
67,62,Poliwrath,510,2,6,95,90,95,0,0
68,63,Abra,310,10,,20,25,15,0,0
69,64,Kadabra,400,10,,35,40,30,0,0
70,65,Alakazam,500,10,,50,55,45,0,0
71,65,Mega Alakazam,590,10,,50,55,65,5,0
72,66,Machop,305,6,,80,70,50,0,0
73,67,Machoke,405,6,,100,80,70,0,0
74,68,Machamp,505,6,,130,90,80,0,0
75,69,Bellsprout,300,4,7,75,50,35,0,0
76,70,Weepinbell,390,4,7,90,65,50,0,0
77,71,Victreebel,490,4,7,105,80,65,0,0
78,72,Tentacool,335,2,7,40,40,35,0,0
79,73,Tentacruel,515,2,7,70,80,65,0,0
80,74,Geodude,300,12,8,80,40,100,0,0
81,75,Graveler,390,12,8,95,55,115,0,0
82,76,Golem,495,12,8,120,80,130,0,0
83,77,Ponyta,410,1,,85,50,55,0,0
84,78,Rapidash,500,1,,100,65,70,0,0
85,79,Slowpoke,315,2,10,65,90,65,0,0
86,80,Slowbro,490,2,10,75,95,110,0,0
87,80,Mega Slowbro,590,2,10,75,95,180,5,0
88,81,Magnemite,325,3,16,35,25,70,0,0
89,82,Magneton,465,3,16,60,50,95,0,0
90,83,Farfetch'd,352,0,9,65,52,55,0,0
91,84,Doduo,310,0,9,85,35,45,0,0
92,85,Dodrio,460,0,9,110,60,70,0,0
93,86,Seel,325,2,,45,65,55,0,0
94,87,Dewgong,475,2,5,70,90,80,0,0
95,88,Grimer,325,7,,80,80,50,0,0
96,89,Muk,500,7,,105,105,75,0,0
97,90,Shellder,305,2,,65,30,100,0,0
98,91,Cloyster,525,2,5,95,50,180,0,0
99,92,Gastly,310,13,7,35,30,30,0,0
100,93,Haunter,405,13,7,50,45,45,0,0
101,94,Gengar,500,13,7,65,60,60,0,0
102,94,Mega Gengar,600,13,7,65,60,80,5,0
103,95,Onix,385,12,8,45,35,160,0,0
104,96,Drowzee,328,10,,48,60,45,0,0
105,97,Hypno,483,10,,73,85,70,0,0
106,98,Krabby,325,2,,105,30,90,0,0
107,99,Kingler,475,2,,130,55,115,0,0
108,100,Voltorb,330,3,,30,40,50,0,0
109,101,Electrode,480,3,,50,60,70,0,0
110,102,Exeggcute,325,4,10,40,60,80,0,0
111,103,Exeggutor,520,4,10,95,95,85,0,0
112,104,Cubone,320,8,,50,50,95,0,0
113,105,Marowak,425,8,,80,60,110,0,0
114,106,Hitmonlee,455,6,,120,50,53,0,0
115,107,Hitmonchan,455,6,,105,50,79,0,0
116,108,Lickitung,385,0,,55,90,75,0,0
117,109,Koffing,340,7,,65,40,95,0,0
118,110,Weezing,490,7,,90,65,120,0,0
119,111,Rhyhorn,345,8,12,85,80,95,0,0
120,112,Rhydon,485,8,12,130,105,120,0,0
121,113,Chansey,450,0,,5,250,5,0,0
122,114,Tangela,435,4,,55,65,115,0,0
123,115,Kangaskhan,490,0,,95,105,80,0,0
124,115,Mega Kangaskhan,590,0,,125,105,100,5,0
125,116,Horsea,295,2,,40,30,70,0,0
126,117,Seadra,440,2,,65,55,95,0,0
127,118,Goldeen,320,2,,67,45,60,0,0
128,119,Seaking,450,2,,92,80,65,0,0
129,120,Staryu,340,2,,45,30,55,0,0
130,121,Starmie,520,2,10,75,60,85,0,0
131,122,Mr. Mime,460,10,17,45,40,65,0,0
132,123,Scyther,500,11,9,110,70,80,0,0
133,124,Jynx,455,5,10,50,65,35,0,0
134,125,Electabuzz,490,3,,83,65,57,0,0
135,126,Magmar,495,1,,95,65,57,0,0
136,127,Pinsir,500,11,,125,65,100,0,0
137,127,Mega Pinsir,600,11,9,155,65,120,5,0
138,128,Tauros,490,0,,100,75,95,0,0
139,129,Magikarp,200,2,,10,20,55,0,0
140,130,Gyarados,540,2,9,125,95,79,0,0
141,130,Gyarados,640,2,15,155,95,109,0,0
142,131,Lapras,535,2,5,85,130,80,0,0
143,132,Ditto,288,0,,48,48,48,0,0
144,133,Eevee,325,0,,55,55,50,0,0
145,134,Vaporeon,525,2,,65,130,60,0,0
146,135,Jolteon,525,3,,65,65,60,0,0
147,136,Flareon,525,1,,130,65,60,0,0
148,137,Porygon,395,0,,60,65,70,0,0
149,138,Omanyte,355,12,2,40,35,100,0,0
150,139,Omastar,495,12,2,60,70,125,0,0
151,140,Kabuto,355,12,2,80,30,90,0,0
152,141,Kabutops,495,12,2,115,60,105,0,0
153,142,Aerodactyl,515,12,9,105,80,65,0,0
154,142,Aerodactyl,615,12,9,135,80,85,0,0
155,143,Snorlax,540,0,,110,160,65,0,0
156,144,Articuno,580,5,9,85,90,100,0,1
157,145,Zapdos,580,3,9,90,90,85,0,1
158,146,Moltres,580,1,9,100,90,90,0,1
159,147,Dratini,300,14,,64,41,45,0,0
160,148,14air,420,14,,84,61,65,0,0
161,149,14ite,600,14,9,134,91,95,0,0
162,150,Mewtwo,680,10,,110,106,90,0,1
163,150,Mega Mewtwo X,780,10,6,190,106,100,5,1
164,150,Mega Mewtwo Y,780,10,,150,106,70,5,1
165,151,Mew,600,10,,100,100,100,0,1
166,152,Chikorita,318,4,,49,45,65,1,0
167,153,Bayleef,405,4,,62,60,80,1,0
168,154,Meganium,525,4,,82,80,100,5,0
169,155,Cyndaquil,309,1,,52,39,43,1,0
170,156,Quilava,405,1,,64,58,58,1,0
171,157,Typhlosion,534,1,,84,78,78,1,0
172,158,Totodile,314,2,,65,50,64,1,0
173,159,Croconaw,405,2,,80,65,80,1,0
174,160,Feraligatr,530,2,,105,85,100,1,0
175,161,Sentret,215,0,,46,35,34,1,0
176,162,Furret,415,0,,76,85,64,1,0
177,163,Hoothoot,262,0,9,30,60,30,1,0
178,164,Noctowl,442,0,9,50,100,50,1,0
179,165,Ledyba,265,11,9,20,40,30,1,0
180,166,Ledian,390,11,9,35,55,50,1,0
181,167,Spinarak,250,11,7,60,40,40,1,0
182,168,Ariados,390,11,7,90,70,70,1,0
183,169,Crobat,535,7,9,90,85,80,1,0
184,170,Chinchou,330,2,3,38,75,38,1,0
185,171,Lanturn,460,2,3,58,125,58,1,0
186,172,Pichu,205,3,,40,20,15,1,0
187,173,Cleffa,218,17,,25,50,28,1,0
188,174,Igglybuff,210,0,17,30,90,15,1,0
189,175,Togepi,245,17,,20,35,65,1,0
190,176,Togetic,405,17,9,40,55,85,1,0
191,177,Natu,320,10,9,50,40,45,1,0
192,178,Xatu,470,10,9,75,65,70,1,0
193,179,Mareep,280,3,,40,55,40,1,0
194,180,Flaaffy,365,3,,55,70,55,1,0
195,181,Ampharos,510,3,,75,90,85,1,0
196,181,Mega Ampharos,610,3,14,95,90,105,5,0
197,182,Bellossom,490,4,,80,75,95,1,0
198,183,Marill,250,2,17,20,70,50,1,0
199,184,Azumarill,420,2,17,50,100,80,1,0
200,185,Sudowoodo,410,12,,100,70,115,1,0
201,186,Politoed,500,2,,75,90,75,1,0
202,187,Hoppip,250,4,9,35,35,40,1,0
203,188,Skiploom,340,4,9,45,55,50,1,0
204,189,Jumpluff,460,4,9,55,75,70,1,0
205,190,Aipom,360,0,,70,55,55,1,0
206,191,Sunkern,180,4,,30,30,30,1,0
207,192,Sunflora,425,4,,75,75,55,1,0
208,193,Yanma,390,11,9,65,65,45,1,0
209,194,Wooper,210,2,8,45,55,45,1,0
210,195,Quagsire,430,2,8,85,95,85,1,0
211,196,Espeon,525,10,,65,65,60,1,0
212,197,Umbreon,525,15,,65,95,110,1,0
213,198,Murkrow,405,15,9,85,60,42,1,0
214,199,Slowking,490,2,10,75,95,80,1,0
215,200,Misdreavus,435,13,,60,60,60,1,0
216,201,Unown,336,10,,72,48,48,1,0
217,202,Wobbuffet,405,10,,33,190,58,1,0
218,203,Girafarig,455,0,10,80,70,65,1,0
219,204,Pineco,290,11,,65,50,90,1,0
220,205,Forretress,465,11,16,90,75,140,1,0
221,206,Dunsparce,415,0,,70,100,70,1,0
222,207,Gligar,430,8,9,75,65,105,1,0
223,208,16ix,510,16,8,85,75,200,1,0
224,208,Mega 16ix,610,16,8,125,75,230,5,0
225,209,Snubbull,300,17,,80,60,50,1,0
226,210,Granbull,450,17,,120,90,75,1,0
227,211,Qwilfish,430,2,7,95,65,75,1,0
228,212,Scizor,500,11,16,130,70,100,1,0
229,212,Mega Scizor,600,11,16,150,70,140,5,0
230,213,Shuckle,505,11,12,10,20,230,1,0
231,214,Heracross,500,11,6,125,80,75,1,0
232,214,Mega Heracross,600,11,6,185,80,115,5,0
233,215,Sneasel,430,15,5,95,55,55,1,0
234,216,Teddiursa,330,0,,80,60,50,1,0
235,217,Ursaring,500,0,,130,90,75,1,0
236,218,Slugma,250,1,,40,40,40,1,0
237,219,Magcargo,410,1,12,50,50,120,1,0
238,220,Swinub,250,5,8,50,50,40,1,0
239,221,Piloswine,450,5,8,100,100,80,1,0
240,222,Corsola,380,2,12,55,55,85,1,0
241,223,Remoraid,300,2,,65,35,35,1,0
242,224,Octillery,480,2,,105,75,75,1,0
243,225,Delibird,330,5,9,55,45,45,1,0
244,226,Mantine,465,2,9,40,65,70,1,0
245,227,Skarmory,465,16,9,80,65,140,1,0
246,228,Houndour,330,15,1,60,45,30,1,0
247,229,Houndoom,500,15,1,90,75,50,1,0
248,229,Mega Houndoom,600,15,1,90,75,90,5,0
249,230,Kingdra,540,2,14,95,75,95,1,0
250,231,Phanpy,330,8,,60,90,60,1,0
251,232,Donphan,500,8,,120,90,120,1,0
252,233,Porygon2,515,0,,80,85,90,1,0
253,234,Stantler,465,0,,95,73,62,1,0
254,235,Smeargle,250,0,,20,55,35,1,0
255,236,Tyrogue,210,6,,35,35,35,1,0
256,237,Hitmontop,455,6,,95,50,95,1,0
257,238,Smoochum,305,5,10,30,45,15,1,0
258,239,Elekid,360,3,,63,45,37,1,0
259,240,Magby,365,1,,75,45,37,1,0
260,241,Miltank,490,0,,80,95,105,1,0
261,242,Blissey,540,0,,10,255,10,1,0
262,243,Raikou,580,3,,85,90,75,1,1
263,244,Entei,580,1,,115,115,85,1,1
264,245,Suicune,580,2,,75,100,115,1,1
265,246,Larvitar,300,12,8,64,50,50,1,0
266,247,Pupitar,410,12,8,84,70,70,1,0
267,248,Tyranitar,600,12,15,134,100,110,1,0
268,248,Mega Tyranitar,700,12,15,164,100,150,5,0
269,249,Lugia,680,10,9,90,106,130,1,1
270,250,Ho-oh,680,1,9,130,106,90,1,1
271,251,Celebi,600,10,4,100,100,100,1,0
272,252,Treecko,310,4,,45,40,35,2,0
273,253,Grovyle,405,4,,65,50,45,2,0
274,254,Sceptile,530,4,,85,70,65,2,0
275,254,Mega Sceptile,630,4,14,110,70,75,5,0
276,255,Torchic,310,1,,60,45,40,2,0
277,256,Combusken,405,1,6,85,60,60,2,0
278,257,Blaziken,530,1,6,120,80,70,2,0
279,257,Mega Blaziken,630,1,6,160,80,80,5,0
280,258,Mudkip,310,2,,70,50,50,2,0
281,259,Marshtomp,405,2,8,85,70,70,2,0
282,260,Swampert,535,2,8,110,100,90,2,0
283,260,Mega Swampert,635,2,8,150,100,110,5,0
284,261,Poochyena,220,15,,55,35,35,2,0
285,262,Mightyena,420,15,,90,70,70,2,0
286,263,Zigzagoon,240,0,,30,38,41,2,0
287,264,Linoone,420,0,,70,78,61,2,0
288,265,Wurmple,195,11,,45,45,35,2,0
289,266,Silcoon,205,11,,35,50,55,2,0
290,267,Beautifly,395,11,9,70,60,50,2,0
291,268,Cascoon,205,11,,35,50,55,2,0
292,269,Dustox,385,11,7,50,60,70,2,0
293,270,Lotad,220,2,4,30,40,30,2,0
294,271,Lombre,340,2,4,50,60,50,2,0
295,272,Ludicolo,480,2,4,70,80,70,2,0
296,273,Seedot,220,4,,40,40,50,2,0
297,274,Nuzleaf,340,4,15,70,70,40,2,0
298,275,Shiftry,480,4,15,100,90,60,2,0
299,276,Taillow,270,0,9,55,40,30,2,0
300,277,Swellow,430,0,9,85,60,60,2,0
301,278,Wingull,270,2,9,30,40,30,2,0
302,279,Pelipper,430,2,9,50,60,100,2,0
303,280,Ralts,198,10,17,25,28,25,2,0
304,281,Kirlia,278,10,17,35,38,35,2,0
305,282,Gardevoir,518,10,17,65,68,65,2,0
306,282,Mega Gardevoir,618,10,17,85,68,65,5,0
307,283,Surskit,269,11,2,30,40,32,2,0
308,284,Masquerain,414,11,9,60,70,62,2,0
309,285,Shroomish,295,4,,40,60,60,2,0
310,286,Breloom,460,4,6,130,60,80,2,0
311,287,Slakoth,280,0,,60,60,60,2,0
312,288,Vigoroth,440,0,,80,80,80,2,0
313,289,Slaking,670,0,,160,150,100,2,0
314,290,Nincada,266,11,8,45,31,90,2,0
315,291,Ninjask,456,11,9,90,61,45,2,0
316,292,Shedinja,236,11,13,90,1,45,2,0
317,293,Whismur,240,0,,51,64,23,2,0
318,294,Loudred,360,0,,71,84,43,2,0
319,295,Exploud,490,0,,91,104,63,2,0
320,296,Makuhita,237,6,,60,72,30,2,0
321,297,Hariyama,474,6,,120,144,60,2,0
322,298,Azurill,190,0,17,20,50,40,2,0
323,299,Nosepass,375,12,,45,30,135,2,0
324,300,Skitty,260,0,,45,50,45,2,0
325,301,Delcatty,380,0,,65,70,65,2,0
326,302,Sableye,380,15,13,75,50,75,2,0
327,302,Mega Sableye,480,15,13,85,50,125,5,0
328,303,Mawile,380,16,17,85,50,85,2,0
329,303,Mega Mawile,480,16,17,105,50,125,5,0
330,304,Aron,330,16,12,70,50,100,2,0
331,305,Lairon,430,16,12,90,60,140,2,0
332,306,Aggron,530,16,12,110,70,180,2,0
333,306,Mega Aggron,630,16,,140,70,230,5,0
334,307,Meditite,280,6,10,40,30,55,2,0
335,308,Medicham,410,6,10,60,60,75,2,0
336,308,Mega Medicham,510,6,10,100,60,85,5,0
337,309,Electrike,295,3,,45,40,40,2,0
338,310,Manectric,475,3,,75,70,60,2,0
339,310,Mega Manectric,575,3,,75,70,80,5,0
340,311,Plusle,405,3,,50,60,40,2,0
341,312,Minun,405,3,,40,60,50,2,0
342,313,Volbeat,400,11,,73,65,55,2,0
343,314,Illumise,400,11,,47,65,55,2,0
344,315,Roselia,400,4,7,60,50,45,2,0
345,316,Gulpin,302,7,,43,70,53,2,0
346,317,Swalot,467,7,,73,100,83,2,0
347,318,Carvanha,305,2,15,90,45,20,2,0
348,319,Sharpedo,460,2,15,120,70,40,2,0
349,319,Mega Sharpedo,560,2,15,140,70,70,5,0
350,320,Wailmer,400,2,,70,130,35,2,0
351,321,Wailord,500,2,,90,170,45,2,0
352,322,Numel,305,1,8,60,60,40,2,0
353,323,Camerupt,460,1,8,100,70,70,2,0
354,323,Mega Camerupt,560,1,8,120,70,100,5,0
355,324,Torkoal,470,1,,85,70,140,2,0
356,325,Spoink,330,10,,25,60,35,2,0
357,326,Grumpig,470,10,,45,80,65,2,0
358,327,Spinda,360,0,,60,60,60,2,0
359,328,Trapinch,290,8,,100,45,45,2,0
360,329,Vibrava,340,8,14,70,50,50,2,0
361,330,Flygon,520,8,14,100,80,80,2,0
362,331,Cacnea,335,4,,85,50,40,2,0
363,332,Cacturne,475,4,15,115,70,60,2,0
364,333,Swablu,310,0,9,40,45,60,2,0
365,334,Altaria,490,14,9,70,75,90,2,0
366,334,Mega Altaria,590,14,17,110,75,110,5,0
367,335,Zangoose,458,0,,115,73,60,2,0
368,336,Seviper,458,7,,100,73,60,2,0
369,337,Lunatone,440,12,10,55,70,65,2,0
370,338,Sol12,440,12,10,95,70,85,2,0
371,339,Barboach,288,2,8,48,50,43,2,0
372,340,Whiscash,468,2,8,78,110,73,2,0
373,341,Corphish,308,2,,80,43,65,2,0
374,342,Crawdaunt,468,2,15,120,63,85,2,0
375,343,Baltoy,300,8,10,40,40,55,2,0
376,344,Claydol,500,8,10,70,60,105,2,0
377,345,Lileep,355,12,4,41,66,77,2,0
378,346,Cradily,495,12,4,81,86,97,2,0
379,347,Anorith,355,12,11,95,45,50,2,0
380,348,Armaldo,495,12,11,125,75,100,2,0
381,349,Feebas,200,2,,15,20,20,2,0
382,350,Milotic,540,2,,60,95,79,2,0
383,351,Castform,420,0,,70,70,70,2,0
384,352,Kecleon,440,0,,90,60,70,2,0
385,353,Shuppet,295,13,,75,44,35,2,0
386,354,Banette,455,13,,115,64,65,2,0
387,354,Mega Banette,555,13,,165,64,75,5,0
388,355,Duskull,295,13,,40,20,90,2,0
389,356,Dusclops,455,13,,70,40,130,2,0
390,357,Tropius,460,4,9,68,99,83,2,0
391,358,Chimecho,425,10,,50,65,70,2,0
392,359,Absol,465,15,,130,65,60,2,0
393,359,Mega Absol,565,15,,150,65,60,5,0
394,360,Wynaut,260,10,,23,95,48,2,0
395,361,Snorunt,300,5,,50,50,50,2,0
396,362,Glalie,480,5,,80,80,80,2,0
397,362,Mega Glalie,580,5,,120,80,80,5,0
398,363,Spheal,290,5,2,40,70,50,2,0
399,364,Sealeo,410,5,2,60,90,70,2,0
400,365,Walrein,530,5,2,80,110,90,2,0
401,366,Clamperl,345,2,,64,35,85,2,0
402,367,Huntail,485,2,,104,55,105,2,0
403,368,Gorebyss,485,2,,84,55,105,2,0
404,369,Relicanth,485,2,12,90,100,130,2,0
405,370,Luvdisc,330,2,,30,43,55,2,0
406,371,Bagon,300,14,,75,45,60,2,0
407,372,Shelgon,420,14,,95,65,100,2,0
408,373,Salamence,600,14,9,135,95,80,2,0
409,373,Mega Salamence,700,14,9,145,95,130,5,0
410,374,Beldum,300,16,10,55,40,80,2,0
411,375,Metang,420,16,10,75,60,100,2,0
412,376,Metagross,600,16,10,135,80,130,2,0
413,376,Mega Metagross,700,16,10,145,80,150,5,0
414,377,Regirock,580,12,,100,80,200,2,1
415,378,Regice,580,5,,50,80,100,2,1
416,379,Registeel,580,16,,75,80,150,2,1
417,380,Latias,600,14,10,80,80,90,2,1
418,380,Mega Latias,700,14,10,100,80,120,5,1
419,381,Latios,600,14,10,90,80,80,2,1
420,381,Mega Latios,700,14,10,130,80,100,5,1
421,382,Kyogre,670,2,,100,100,90,2,1
422,382,KyogrePrimal Kyogre,770,2,,150,100,90,2,1
423,383,Groudon,670,8,,150,100,140,2,1
424,383,Primal Groudon,770,8,1,180,100,160,5,1
425,384,Rayquaza,680,14,9,150,105,90,2,1
426,384,Mega Rayquaza,780,14,9,180,105,100,5,1
427,385,Jirachi,600,16,10,100,100,100,2,1
428,386,Deoxys Basic Form,600,10,,150,50,50,2,1
429,386,Deoxys Attack Form,600,10,,180,50,20,2,1
430,386,Deoxys Defense Form,600,10,,70,50,160,2,1
431,386,Deoxys Speed Form,600,10,,95,50,90,2,1
432,387,Turtwig,318,4,,68,55,64,3,0
433,388,Grotle,405,4,,89,75,85,3,0
434,389,Torterra,525,4,8,109,95,105,3,0
435,390,Chimchar,309,1,,58,44,44,3,0
436,391,Monferno,405,1,6,78,64,52,3,0
437,392,Infernape,534,1,6,104,76,71,3,0
438,393,Piplup,314,2,,51,53,53,3,0
439,394,Prinplup,405,2,,66,64,68,3,0
440,395,Empoleon,530,2,16,86,84,88,3,0
441,396,Starly,245,0,9,55,40,30,3,0
442,397,Staravia,340,0,9,75,55,50,3,0
443,398,Staraptor,485,0,9,120,85,70,3,0
444,399,Bidoof,250,0,,45,59,40,3,0
445,400,Bibarel,410,0,2,85,79,60,3,0
446,401,Kricketot,194,11,,25,37,41,3,0
447,402,Kricketune,384,11,,85,77,51,3,0
448,403,Shinx,263,3,,65,45,34,3,0
449,404,Luxio,363,3,,85,60,49,3,0
450,405,Luxray,523,3,,120,80,79,3,0
451,406,Budew,280,4,7,30,40,35,3,0
452,407,Roserade,515,4,7,70,60,65,3,0
453,408,Cranidos,350,12,,125,67,40,3,0
454,409,Rampardos,495,12,,165,97,60,3,0
455,410,Shieldon,350,12,16,42,30,118,3,0
456,411,Bastiodon,495,12,16,52,60,168,3,0
457,412,Burmy,224,11,,29,40,45,3,0
458,413,WormadamPlant Cloak,424,11,4,59,60,85,3,0
459,413,WormadamSandy Cloak,424,11,8,79,60,105,3,0
460,413,WormadamTrash Cloak,424,11,16,69,60,95,3,0
461,414,Mothim,424,11,9,94,70,50,3,0
462,415,Combee,244,11,9,30,30,42,3,0
463,416,Vespiquen,474,11,9,80,70,102,3,0
464,417,Pachirisu,405,3,,45,60,70,3,0
465,418,Buizel,330,2,,65,55,35,3,0
466,419,Floatzel,495,2,,105,85,55,3,0
467,420,Cherubi,275,4,,35,45,45,3,0
468,421,Cherrim,450,4,,60,70,70,3,0
469,422,Shellos,325,2,,48,76,48,3,0
470,423,Gastrodon,475,2,8,83,111,68,3,0
471,424,Ambipom,482,0,,100,75,66,3,0
472,425,Drifloon,348,13,9,50,90,34,3,0
473,426,Drifblim,498,13,9,80,150,44,3,0
474,427,Buneary,350,0,,66,55,44,3,0
475,428,Lopunny,480,0,,76,65,84,3,0
476,428,Mega Lopunny,580,0,6,136,65,94,5,0
477,429,Mismagius,495,13,,60,60,60,3,0
478,430,Honchkrow,505,15,9,125,100,52,3,0
479,431,Glameow,310,0,,55,49,42,3,0
480,432,Purugly,452,0,,82,71,64,3,0
481,433,Chingling,285,10,,30,45,50,3,0
482,434,Stunky,329,7,15,63,63,47,3,0
483,435,Skuntank,479,7,15,93,103,67,3,0
484,436,Bronzor,300,16,10,24,57,86,3,0
485,437,Bronzong,500,16,10,89,67,116,3,0
486,438,Bonsly,290,12,,80,50,95,3,0
487,439,Mime Jr.,310,10,17,25,20,45,3,0
488,440,Happiny,220,0,,5,100,5,3,0
489,441,Chatot,411,0,9,65,76,45,3,0
490,442,Spiritomb,485,13,15,92,50,108,3,0
491,443,Gible,300,14,8,70,58,45,3,0
492,444,Gabite,410,14,8,90,68,65,3,0
493,445,Garchomp,600,14,8,130,108,95,3,0
494,445,Mega Garchomp,700,14,8,170,108,115,5,0
495,446,Munchlax,390,0,,85,135,40,3,0
496,447,Riolu,285,6,,70,40,40,3,0
497,448,Lucario,525,6,16,110,70,70,3,0
498,448,Mega Lucario,625,6,16,145,70,88,5,0
499,449,Hippopotas,330,8,,72,68,78,3,0
500,450,Hippowdon,525,8,,112,108,118,3,0
501,451,Skorupi,330,7,11,50,40,90,3,0
502,452,Drapion,500,7,15,90,70,110,3,0
503,453,Croagunk,300,7,6,61,48,40,3,0
504,454,Toxicroak,490,7,6,106,83,65,3,0
505,455,Carnivine,454,4,,100,74,72,3,0
506,456,Finneon,330,2,,49,49,56,3,0
507,457,Lumineon,460,2,,69,69,76,3,0
508,458,Mantyke,345,2,9,20,45,50,3,0
509,459,Snover,334,4,5,62,60,50,3,0
510,460,Abomasnow,494,4,5,92,90,75,3,0
511,460,Mega Abomasnow,594,4,5,132,90,105,5,0
512,461,Weavile,510,15,5,120,70,65,3,0
513,462,Magnezone,535,3,16,70,70,115,3,0
514,463,Lickilicky,515,0,,85,110,95,3,0
515,464,Rhyperior,535,8,12,140,115,130,3,0
516,465,Tangrowth,535,4,,100,100,125,3,0
517,466,Electivire,540,3,,123,75,67,3,0
518,467,Magmortar,540,1,,95,75,67,3,0
519,468,Togekiss,545,17,9,50,85,95,3,0
520,469,Yanmega,515,11,9,76,86,86,3,0
521,470,Leafeon,525,4,,110,65,130,3,0
522,471,Glaceon,525,5,,60,65,110,3,0
523,472,Gliscor,510,8,9,95,75,125,3,0
524,473,Mamoswine,530,5,8,130,110,80,3,0
525,474,Porygon-Z,535,0,,80,85,70,3,0
526,475,Gallade,518,10,6,125,68,65,3,0
527,475,Mega Gallade,618,10,6,165,68,95,5,0
528,476,Probopass,525,12,16,55,60,145,3,0
529,477,Dusknoir,525,13,,100,45,135,3,0
530,478,Froslass,480,5,13,80,70,70,3,0
531,479,Rotom,440,3,13,50,50,77,3,0
532,479,RotomHeat Rotom,520,3,1,65,50,107,3,0
533,479,RotomWash Rotom,520,3,2,65,50,107,3,0
534,479,RotomFrost Rotom,520,3,5,65,50,107,3,0
535,479,RotomFan Rotom,520,3,9,65,50,107,3,0
536,479,RotomMow Rotom,520,3,4,65,50,107,3,0
537,480,Uxie,580,10,,75,75,130,3,1
538,481,Mesprit,580,10,,105,80,105,3,1
539,482,Azelf,580,10,,125,75,70,3,1
540,483,Dialga,680,16,14,120,100,120,3,1
541,484,Palkia,680,2,14,120,90,100,3,1
542,485,Heatran,600,1,16,90,91,106,3,1
543,486,Regigigas,670,0,,160,110,110,3,1
544,487,Giratina Altered Form,680,13,14,100,150,120,3,1
545,487,Giratina Origin Form,680,13,14,120,150,100,3,1
546,488,Cresselia,600,10,,70,120,120,3,0
547,489,Phione,480,2,,80,80,80,3,0
548,490,Manaphy,600,2,,100,100,100,3,0
549,491,15rai,600,15,,90,70,90,3,1
550,492,ShayminLand Forme,600,4,,100,100,100,3,1
551,492,ShayminSky Forme,600,4,9,103,100,75,3,1
552,493,Arceus,720,0,,120,120,120,3,1
553,494,Victini,600,10,1,100,100,100,4,1
554,495,Snivy,308,4,,45,45,55,4,0
555,496,Servine,413,4,,60,60,75,4,0
556,497,Serperior,528,4,,75,75,95,4,0
557,498,Tepig,308,1,,63,65,45,4,0
558,499,Pignite,418,1,6,93,90,55,4,0
559,500,Emboar,528,1,6,123,110,65,4,0
560,501,Oshawott,308,2,,55,55,45,4,0
561,502,Dewott,413,2,,75,75,60,4,0
562,503,Samurott,528,2,,100,95,85,4,0
563,504,Patrat,255,0,,55,45,39,4,0
564,505,Watchog,420,0,,85,60,69,4,0
565,506,Lillipup,275,0,,60,45,45,4,0
566,507,Herdier,370,0,,80,65,65,4,0
567,508,Stoutland,500,0,,110,85,90,4,0
568,509,Purrloin,281,15,,50,41,37,4,0
569,510,Liepard,446,15,,88,64,50,4,0
570,511,Pansage,316,4,,53,50,48,4,0
571,512,Simisage,498,4,,98,75,63,4,0
572,513,Pansear,316,1,,53,50,48,4,0
573,514,Simisear,498,1,,98,75,63,4,0
574,515,Panpour,316,2,,53,50,48,4,0
575,516,Simipour,498,2,,98,75,63,4,0
576,517,Munna,292,10,,25,76,45,4,0
577,518,Musharna,487,10,,55,116,85,4,0
578,519,Pidove,264,0,9,55,50,50,4,0
579,520,Tranquill,358,0,9,77,62,62,4,0
580,521,Unfezant,488,0,9,115,80,80,4,0
581,522,Blitzle,295,3,,60,45,32,4,0
582,523,Zebstrika,497,3,,100,75,63,4,0
583,524,Roggenrola,280,12,,75,55,85,4,0
584,525,Boldore,390,12,,105,70,105,4,0
585,526,Gigalith,515,12,,135,85,130,4,0
586,527,Woobat,313,10,9,45,55,43,4,0
587,528,Swoobat,425,10,9,57,67,55,4,0
588,529,Drilbur,328,8,,85,60,40,4,0
589,530,Excadrill,508,8,16,135,110,60,4,0
590,531,Audino,445,0,,60,103,86,4,0
591,531,Mega Audino,545,0,17,60,103,126,5,0
592,532,Timburr,305,6,,80,75,55,4,0
593,533,Gurdurr,405,6,,105,85,85,4,0
594,534,Conkeldurr,505,6,,140,105,95,4,0
595,535,Tympole,294,2,,50,50,40,4,0
596,536,Palpitoad,384,2,8,65,75,55,4,0
597,537,Seismitoad,509,2,8,95,105,75,4,0
598,538,Throh,465,6,,100,120,85,4,0
599,539,Sawk,465,6,,125,75,75,4,0
600,540,Sewaddle,310,11,4,53,45,70,4,0
601,541,Swadloon,380,11,4,63,55,90,4,0
602,542,Leavanny,500,11,4,103,75,80,4,0
603,543,Venipede,260,11,7,45,30,59,4,0
604,544,Whirlipede,360,11,7,55,40,99,4,0
605,545,Scolipede,485,11,7,100,60,89,4,0
606,546,Cottonee,280,4,17,27,40,60,4,0
607,547,Whimsicott,480,4,17,67,60,85,4,0
608,548,Petilil,280,4,,35,45,50,4,0
609,549,Lilligant,480,4,,60,70,75,4,0
610,550,Basculin,460,2,,92,70,65,4,0
611,551,Sandile,292,8,15,72,50,35,4,0
612,552,Krokorok,351,8,15,82,60,45,4,0
613,553,Krookodile,519,8,15,117,95,80,4,0
614,554,Darumaka,315,1,,90,70,45,4,0
615,555,DarmanitanStandard Mode,480,1,,140,105,55,4,0
616,555,DarmanitanZen Mode,540,1,10,30,105,105,4,0
617,556,Maractus,461,4,,86,75,67,4,0
618,557,Dwebble,325,11,12,65,50,85,4,0
619,558,Crustle,475,11,12,95,70,125,4,0
620,559,Scraggy,348,15,6,75,50,70,4,0
621,560,Scrafty,488,15,6,90,65,115,4,0
622,561,Sigilyph,490,10,9,58,72,80,4,0
623,562,Yamask,303,13,,30,38,85,4,0
624,563,Cofagrigus,483,13,,50,58,145,4,0
625,564,Tirtouga,355,2,12,78,54,103,4,0
626,565,Carracosta,495,2,12,108,74,133,4,0
627,566,Archen,401,12,9,112,55,45,4,0
628,567,Archeops,567,12,9,140,75,65,4,0
629,568,Trubbish,329,7,,50,50,62,4,0
630,569,Garbodor,474,7,,95,80,82,4,0
631,570,Zorua,330,15,,65,40,40,4,0
632,571,Zoroark,510,15,,105,60,60,4,0
633,572,Minccino,300,0,,50,55,40,4,0
634,573,Cinccino,470,0,,95,75,60,4,0
635,574,Gothita,290,10,,30,45,50,4,0
636,575,Gothorita,390,10,,45,60,70,4,0
637,576,Gothitelle,490,10,,55,70,95,4,0
638,577,Solosis,290,10,,30,45,40,4,0
639,578,Duosion,370,10,,40,65,50,4,0
640,579,Reuniclus,490,10,,65,110,75,4,0
641,580,Ducklett,305,2,9,44,62,50,4,0
642,581,Swanna,473,2,9,87,75,63,4,0
643,582,Vanillite,305,5,,50,36,50,4,0
644,583,Vanillish,395,5,,65,51,65,4,0
645,584,Vanilluxe,535,5,,95,71,85,4,0
646,585,Deerling,335,0,4,60,60,50,4,0
647,586,Sawsbuck,475,0,4,100,80,70,4,0
648,587,Emolga,428,3,9,75,55,60,4,0
649,588,Karrablast,315,11,,75,50,45,4,0
650,589,Escavalier,495,11,16,135,70,105,4,0
651,590,Foongus,294,4,7,55,69,45,4,0
652,591,Amoonguss,464,4,7,85,114,70,4,0
653,592,Frillish,335,2,13,40,55,50,4,0
654,593,Jell5nt,480,2,13,60,100,70,4,0
655,594,Alomomola,470,2,,75,165,80,4,0
656,595,Joltik,319,11,3,47,50,50,4,0
657,596,Galvantula,472,11,3,77,70,60,4,0
658,597,Ferroseed,305,4,16,50,44,91,4,0
659,598,Ferrothorn,489,4,16,94,74,131,4,0
660,599,Klink,300,16,,55,40,70,4,0
661,600,Klang,440,16,,80,60,95,4,0
662,601,Klinklang,520,16,,100,60,115,4,0
663,602,Tynamo,275,3,,55,35,40,4,0
664,603,Eelektrik,405,3,,85,65,70,4,0
665,604,Eelektross,515,3,,115,85,80,4,0
666,605,Elgyem,335,10,,55,55,55,4,0
667,606,Beheeyem,485,10,,75,75,75,4,0
668,607,Litwick,275,13,1,30,50,55,4,0
669,608,Lampent,370,13,1,40,60,60,4,0
670,609,Chandelure,520,13,1,55,60,90,4,0
671,610,Axew,320,14,,87,46,60,4,0
672,611,Fraxure,410,14,,117,66,70,4,0
673,612,Haxorus,540,14,,147,76,90,4,0
674,613,Cubchoo,305,5,,70,55,40,4,0
675,614,Beartic,485,5,,110,95,80,4,0
676,615,Cryogonal,485,5,,50,70,30,4,0
677,616,Shelmet,305,11,,40,50,85,4,0
678,617,Accelgor,495,11,,70,80,40,4,0
679,618,Stunfisk,471,8,3,66,109,84,4,0
680,619,Mienfoo,350,6,,85,45,50,4,0
681,620,Mienshao,510,6,,125,65,60,4,0
682,621,Druddigon,485,14,,120,77,90,4,0
683,622,Golett,303,8,13,74,59,50,4,0
684,623,Golurk,483,8,13,124,89,80,4,0
685,624,Pawniard,340,15,16,85,45,70,4,0
686,625,Bisharp,490,15,16,125,65,100,4,0
687,626,Bouffalant,490,0,,110,95,95,4,0
688,627,Rufflet,350,0,9,83,70,50,4,0
689,628,Braviary,510,0,9,123,100,75,4,0
690,629,Vullaby,370,15,9,55,70,75,4,0
691,630,Mandibuzz,510,15,9,65,110,105,4,0
692,631,Heatmor,484,1,,97,85,66,4,0
693,632,Durant,484,11,16,109,58,112,4,0
694,633,Deino,300,15,14,65,52,50,4,0
695,634,Zweilous,420,15,14,85,72,70,4,0
696,635,Hydreigon,600,15,14,105,92,90,4,0
697,636,Larvesta,360,11,1,85,55,55,4,0
698,637,Volcarona,550,11,1,60,85,65,4,0
699,638,Cobalion,580,16,6,90,91,129,4,1
700,639,Terrakion,580,12,6,129,91,90,4,1
701,640,Virizion,580,4,6,90,91,72,4,1
702,641,TornadusIncarnate Forme,580,9,,115,79,70,4,1
703,641,TornadusTherian Forme,580,9,,100,79,80,4,1
704,642,ThundurusIncarnate Forme,580,3,9,115,79,70,4,1
705,642,ThundurusTherian Forme,580,3,9,105,79,70,4,1
706,643,Reshiram,680,14,1,120,100,100,4,1
707,644,Zekrom,680,14,3,150,100,120,4,1
708,645,Landorus Incarnate Form,600,8,9,125,89,90,4,1
709,645,Landorus Therian Form,600,8,9,145,89,90,4,1
710,646,Kyurem,660,14,5,130,125,90,4,1
711,646,Black Kyurem,700,14,5,170,125,100,4,1
712,646,White Kyurem,700,14,5,120,125,90,4,1
713,647,Keldeo Ordinary Form,580,2,6,72,91,90,4,0
714,647,Keldeo Resolute Form,580,2,6,72,91,90,4,0
715,648,MeloettaAria Forme,600,0,10,77,100,77,4,0
716,648,MeloettaPirouette Forme,600,0,6,128,100,90,4,0
717,649,Genesect,600,11,16,120,71,95,4,0
718,650,Chespin,313,4,,61,56,65,5,0
719,651,Quilladin,405,4,,78,61,95,5,0
720,652,Chesnaught,530,4,6,107,88,122,5,0
721,653,Fennekin,307,1,,45,40,40,5,0
722,654,Braixen,409,1,,59,59,58,5,0
723,655,Delphox,534,1,10,69,75,72,5,0
724,656,Froakie,314,2,,56,41,40,5,0
725,657,Frogadier,405,2,,63,54,52,5,0
726,658,Greninja,530,2,15,95,72,67,5,0
727,659,Bunnelby,237,0,,36,38,38,5,0
728,660,Diggersby,423,0,8,56,85,77,5,0
729,661,Fletchling,278,0,9,50,45,43,5,0
730,662,Fletchinder,382,1,9,73,62,55,5,0
731,663,Talonflame,499,1,9,81,78,71,5,0
732,664,Scatter11,200,11,,35,38,40,5,0
733,665,Spewpa,213,11,,22,45,60,5,0
734,666,Vivillon,411,11,9,52,80,50,5,0
735,667,Litleo,369,1,0,50,62,58,5,0
736,668,Pyroar,507,1,0,68,86,72,5,0
737,669,Flab√©b√©,303,17,,38,44,39,5,0
738,670,Floette,371,17,,45,54,47,5,0
739,671,Florges,552,17,,65,78,68,5,0
740,672,Skiddo,350,4,,65,66,48,5,0
741,673,Gogoat,531,4,,100,123,62,5,0
742,674,Pancham,348,6,,82,67,62,5,0
743,675,Pangoro,495,6,15,124,95,78,5,0
744,676,Furfrou,472,0,,80,75,60,5,0
745,677,Espurr,355,10,,48,62,54,5,0
746,678,MeowsticMale,466,10,,48,74,76,5,0
747,678,MeowsticFemale,466,10,,48,74,76,5,0
748,679,Honedge,325,16,13,80,45,100,5,0
749,680,Doublade,448,16,13,110,59,150,5,0
750,681,AegislashBlade Forme,520,16,13,150,60,50,5,0
751,681,AegislashShield Forme,520,16,13,50,60,150,5,0
752,682,Spritzee,341,17,,52,78,60,5,0
753,683,Aromatisse,462,17,,72,101,72,5,0
754,684,Swirlix,341,17,,48,62,66,5,0
755,685,Slurpuff,480,17,,80,82,86,5,0
756,686,Inkay,288,15,10,54,53,53,5,0
757,687,Malamar,482,15,10,92,86,88,5,0
758,688,Binacle,306,12,2,52,42,67,5,0
759,689,Barbaracle,500,12,2,105,72,115,5,0
760,690,Skrelp,320,7,2,60,50,60,5,0
761,691,Dragalge,494,7,14,75,65,90,5,0
762,692,Clauncher,330,2,,53,50,62,5,0
763,693,Clawitzer,500,2,,73,71,88,5,0
764,694,Helioptile,289,3,0,38,44,33,5,0
765,695,Heliolisk,481,3,0,55,62,52,5,0
766,696,Tyrunt,362,12,14,89,58,77,5,0
767,697,Tyrantrum,521,12,14,121,82,119,5,0
768,698,Amaura,362,12,5,59,77,50,5,0
769,699,Aurorus,521,12,5,77,123,72,5,0
770,700,Sylveon,525,17,,65,95,65,5,0
771,701,Hawlucha,500,6,9,92,78,75,5,0
772,702,Dedenne,431,3,17,58,67,57,5,0
773,703,Carbink,500,12,17,50,50,150,5,0
774,704,Goomy,300,14,,50,45,35,5,0
775,705,Sliggoo,452,14,,75,68,53,5,0
776,706,Goodra,600,14,,100,90,70,5,0
777,707,Klefki,470,16,17,80,57,91,5,0
778,708,Phantump,309,13,4,70,43,48,5,0
779,709,Trevenant,474,13,4,110,85,76,5,0
780,710,PumpkabooAverage Size,335,13,4,66,49,70,5,0
781,710,PumpkabooSmall Size,335,13,4,66,44,70,5,0
782,710,PumpkabooLarge Size,335,13,4,66,54,70,5,0
783,710,PumpkabooSuper Size,335,13,4,66,59,70,5,0
784,711,GourgeistAverage Size,494,13,4,90,65,122,5,0
785,711,GourgeistSmall Size,494,13,4,85,55,122,5,0
786,711,GourgeistLarge Size,494,13,4,95,75,122,5,0
787,711,GourgeistSuper Size,494,13,4,100,85,122,5,0
788,712,Bergmite,304,5,,69,55,85,5,0
789,713,Avalugg,514,5,,117,95,184,5,0
790,714,Noibat,245,9,14,30,40,35,5,0
791,715,Noivern,535,9,14,70,85,80,5,0
792,716,Xerneas,680,17,,131,126,95,5,1
793,717,Yveltal,680,15,9,131,126,95,5,1
794,718,Zygarde,600,14,8,100,108,121,5,1
795,719,Diancie,600,12,17,100,50,150,5,1
796,719,Mega Diancie,700,12,17,160,50,110,5,1
797,720,Hoopa Confined,600,10,13,110,80,60,5,1
798,720,Hoopa Unbound,680,10,15,160,80,60,5,1
799,721,Volcanion,600,1,2,110,80,120,5,1
